Paper_ID,Semantic_Overlap_Factuality_Proxy_OpenAI,Citation_Coverage,ROUGE_rougeL_F1,BERTScore_F1,Audience_Appropriateness_Rating,Factuality_Rating,Helpfulness_Rating,FINAL_COMPOSITE_SCORE
P1_VDM,0.7304,0.3333,0.18600000000000003,0.8091,4.666666666666667,4.666666666666667,4.333333333333333,79.49
P2_MFP3D,0.5961,0.1429,0.17190000000000003,0.8482,3.3333333333333335,3.6666666666666665,3.3333333333333335,69.29
P3_MetaFood3D,0.7618,0.1667,0.1962,0.8299,4.666666666666667,5.0,4.666666666666667,83.37
